{
    "one" : {
        "camera_matrix" : [
            [442.77015994, 0, 304.75637909],
            [0, 444.24817415, 250.19355823],
            [0,0,1]
        ],
        "camera_distortion" : [[-5.12530489e-02, -4.73891680e-02, 9.16569920e-05, 1.26053695e-03, 4.09346190e-02]]
    },
    
    "two" : {
        "left_camera_matrix" : [
            [450.2903,-0.2579,305.7470],
            [0,452.4990,249.5167],
            [0,0,1]
        ],
        "right_camera_matrix" : [
            [449.2814,-0.0584,304.0020],
            [0,451.5407,251.5036],
            [0,0,1]
        ],
        "left_distortion" : [[-0.0562,-0.02260, 0.008,-0.0002,0]],
        "right_distortion" : [[-0.0596,-0.02125,0.0010,-0.0006,0]],
        "R" : [
            [1.0000,   -0.0002,    0.0011],
            [0.0002,    1.0000,   -0.0013],
            [-0.0011,    0.0013,    1.0000]
        ],
        "T" : [-61,0.0434,-0.0899]
    },

    "eyeinhand" : {
        "RT_camera2end" : [
            [-0.01975999, -0.99906673, -0.03840849, -0.01125575 ],
            [ 0.99977124, -0.01943019, -0.00894111,  0.02774815 ],
            [ 0.00818648, -0.03857638,  0.99922212,  0.03795249],
            [ 0, 0, 0,  1]
        ]
    }
}