{
    "res": [
        0,
        0,
        0,
        0,
        0,
        0
    ],
    "zero": [
        4864,
        5347,
        101217,
        3372,
        -10810,
        17323
    ],
    "zero_pose": [
        197.0594567518508,
        -91.77307261441152,
        200.44434292416136,
        1.7673745626350523,
        1.123731277033982,
        1.3753077088372339
    ],
    "photo_pose": [
        171.35140136074654,
        -11.960660946238264,
        136.50152090321586,
        -0.03591404262985436,
        0.1855889010846016,
        3.064957275755249
    ],
    "place_pose": [
        114.701,
        -142.9997,
        133.5742,
        0.89401,
        0.0823,
        3.062166
    ]
}